TD Stocks Screener Results,,,,,,
Symbol,Company Name,Market Capitalization,Sector,Industry,Dividend Yield,Beta
AACG,ATA Creativity Global(ADR),$35.9M,Consumer Discretionary,Diversified Consumer Services,--,+1.7
ABB,ABB Ltd (ADR),$55.3B,Industrials,Electrical Equipment,3.17%,+1.1
ACH,Aluminum Corp. of China Limited (ADR),$883.5M,Materials,Metals & Mining,--,+1.2
ADAP,Adaptimmune Therapeutics PLC - ADR,$737.7M,Health Care,Biotechnology,--,+2.3
AEG,AEGON N.V. (ADR),$5.9B,Financials,Insurance,0.36%,+1.2
AIH,Aesthetic Medical International HldngsGL,$130.8M,Health Care,Health Care Providers & Services,--,--
AKO.A,EMBOTELLADORA ANDINA SA,$868.1M,Consumer Staples,Beverages,8.43%,+0.5
AKO.B,Embotelladora Andina SA (ADR),$956.0M,Consumer Staples,Beverages,8.42%,+0.5
AKTX,Akari Therapeutics PLC (ADR),$58.2M,Health Care,Pharmaceuticals,--,+1.6
AMBO,Ambow Education Holding Ltd (ADR),$69.9M,Consumer Discretionary,Diversified Consumer Services,--,--
AMOV,AMERICA MOVIL SA DE CV,$321.6M,Communication Services,Wireless Telecommunication Services,2.80%,+0.6
AMRN,Amarin Corporation plc (ADR),$1.9B,Health Care,Biotechnology,--,+3.0
AMX,America Movil SAB de CV (ADR),$28.3B,Communication Services,Wireless Telecommunication Services,2.74%,+0.6
ANCN,Anchiano Therapeutics Ltd - ADR,$42.7M,Health Care,Biotechnology,--,--
ANPC,AnPac Bio-Medical Science Co Ltd - ADR,$39.5M,,,--,--
ANTE,Airnet Technology Inc(ADR),$14.8M,Communication Services,Media,--,+1.0
API,Agora Inc,$4.2B,,,--,--
APOP,Cellect Biotechnology Ltd - ADR,$7.1M,Health Care,Life Sciences Tools & Services,--,+2.1
ASLN,Aslan Pharmaceuticals Ltd (ADR),$55.8M,Health Care,Biotechnology,--,--
ASML,ASML Holding NV (ADR),$154.0B,Information Technology,Semiconductors & Semiconductor Equipment,0.77%,+1.0
ASND,Ascendis Pharma A/S,$8.4B,Health Care,Biotechnology,--,+0.9
ASR,Grupo Aeroportuario dl Srst SAB CV (ADR),$3.7B,Industrials,Transportation Infrastructure,4.28%,+1.1
ASX,ASE Technology Holding Co Ltd (ADR),$9.4B,Information Technology,Semiconductors & Semiconductor Equipment,3.02%,--
ATHE,Alterity Therapeutics Ltd (ADR),$27.3M,Health Care,Biotechnology,--,+1.5
ATHM,Autohome Inc (ADR),$11.4B,Communication Services,Interactive Media & Services,0.81%,+0.9
ATV,"Acorn International, Inc. (ADR)",$52.7M,Consumer Discretionary,Internet & Direct Marketing Retail,--,+0.4
AU,AngloGold Ashanti Limited (ADR),$10.2B,Materials,Metals & Mining,0.38%,+0.5
AUTL,Autolus Therapeutics PLC,$586.0M,Health Care,Biotechnology,--,--
AVDL,Avadel Pharmaceuticals PLC (ADR),$319.1M,Health Care,Pharmaceuticals,--,+1.4
AZN,AstraZeneca plc (ADR),$139.7B,Health Care,Pharmaceuticals,2.64%,+0.6
AZUL,Azul SA (ADR),$1.6B,,,--,+1.0
BABA,Alibaba Group Holding Ltd - ADR,$841.6B,Consumer Discretionary,Internet & Direct Marketing Retail,--,+1.3
BAK,Braskem SA (ADR),$1.5B,,,4.78%,+1.4
BBAR,Banco Bbva Argentina SA (ADR),$532.0M,Financials,Banks,10.00%,+1.0
BBD,Banco Bradesco SA (ADR),$17.9B,Financials,Banks,--,+0.9
BBL,BHP Group PLC (ADR),$42.8B,Materials,Metals & Mining,9.65%,+1.1
BBVA,Banco Bilbao Vizcaya Argentaria SA (ADR),$19.6B,Financials,Banks,16.14%,+1.0
BCH,Banco de Chile (ADR),$8.3B,Financials,Banks,5.09%,+0.5
BCS,Barclays PLC (ADR),$24.8B,Financials,Banks,--,+1.5
BCYC,Bicycle Therapeutics PLC (ADR),$360.6M,Health Care,Biotechnology,--,--
BEDU,Bright Scholar Education Holdngs Ltd-ADR,$173.4M,Consumer Discretionary,Diversified Consumer Services,3.49%,+1.0
BEKE,KE Holdings Inc - ADR,$80.3B,,,--,--
BEST,BEST Inc (ADR),$1.5B,Industrials,Air Freight & Logistics,--,--
BGNE,Beigene Ltd (ADR),$27.8B,Health Care,Biotechnology,--,+1.2
BHP,BHP Group Ltd (ADR),$73.1B,Materials,Metals & Mining,7.86%,+1.0
BIDU,Baidu Inc (ADR),$45.5B,Communication Services,Interactive Media & Services,--,+1.1
BILI,Bilibili Inc - ADR,$15.8B,Communication Services,Entertainment,--,--
BITA,Bitauto Hldg Ltd (ADR),$1.1B,Communication Services,Interactive Media & Services,--,+0.7
BLCT,BlueCity Holdings Ltd,$357.6M,,,--,--
BMA,Banco Macro SA (ADR),$812.9M,Financials,Banks,17.00%,+0.9
BNR,Burning Rock Biotech Ltd(ADR),$3.0B,,,--,--
BNTX,BioNTech SE - ADR,$19.7B,Health Care,Biotechnology,--,--
BP,BP plc (ADR),$52.4B,Energy,"Oil, Gas & Consumable Fuels",7.97%,+0.7
BQ,Boqii Holding Ltd (ADR),$347.8M,,,--,--
BRFS,BRF SA (ADR),$2.5B,Consumer Staples,Food Products,--,+1.6
BSAC,Banco Santander-Chile (ADR),$7.3B,Financials,Banks,2.71%,+0.7
BSBR,Banco Santander Brasil SA (ADR),$23.0B,Financials,Banks,--,+0.8
BSMX,Banco Santndr Mxco SAIntcndeBncMul(ADR),$2.6B,Financials,Banks,--,+1.2
BTI,British American Tobacco PLC (ADR),$76.0B,Consumer Staples,Tobacco,9.92%,+0.8
BUD,Anheuser Busch Inbev NV (ADR),$92.1B,Consumer Staples,Beverages,2.56%,+1.3
BVN,Compania de Minas Buenaventura SAA (ADR),$3.3B,Materials,Metals & Mining,--,+1.2
BVXV,Biondvax Pharmaceuticals Ltd - ADR,$42.9M,Health Care,Pharmaceuticals,--,+2.3
BZUN,Baozun Inc (ADR),$3.0B,Consumer Discretionary,Internet & Direct Marketing Retail,--,+1.4
CAJ,Canon Inc (ADR),$19.2B,Information Technology,"Technology Hardware, Storage & Peripherals",6.35%,+0.5
CAN,Canaan Inc,$299.2M,Information Technology,"Technology Hardware, Storage & Peripherals",--,--
CANG,Cango Inc - ADR,$783.1M,Consumer Discretionary,Internet & Direct Marketing Retail,4.88%,--
CBD,Companhia Brasileira de Distribuicao,$3.1B,Consumer Staples,Food & Staples Retailing,1.26%,+1.0
CCM,Concord Medical Services Hldg Ltd (ADR),$82.2M,Health Care,Health Care Providers & Services,--,+0.2
CCU,Compania Cervecerias Unidas S.A. (ADR),$2.2B,Consumer Staples,Beverages,5.51%,+0.7
CD,Chindata Group Holdings Ltd,$4.9B,,,--,--
CEA,China Eastern Airlines Corp. Ltd.  (ADR),$2.2B,Industrials,Airlines,1.66%,+1.5
CEO,CNOOC Ltd (ADR),$42.3B,Energy,"Oil, Gas & Consumable Fuels",8.72%,+1.2
CHA,China Telecom Corporation Limited (ADR),$27.0B,Communication Services,Diversified Telecommunication Services,4.96%,+0.8
CHL,China Mobile Ltd. (ADR),$132.9B,Communication Services,Wireless Telecommunication Services,6.41%,+0.5
CHT,"Chunghwa Telecom Co., Ltd (ADR)",$29.4B,Communication Services,Diversified Telecommunication Services,7.60%,+0.0
CHU,China Unicom (Hong Kong) Limited (ADR),$21.3B,Communication Services,Diversified Telecommunication Services,2.95%,+1.2
CIB,Bancolombia SA (ADR),$3.0B,,,5.64%,+1.3
CIG,Companhia Energetica de Minas Gers CEMIG,$2.1B,Utilities,Electric Utilities,--,+0.5
CIG.C,CIA ENERGETICA DE MINAS,$1.2B,Utilities,Electric Utilities,--,+0.5
CIH,China Index Holdings Ltd - ADR,$123.1M,Industrials,Professional Services,--,--
CLLS,Cellectis SA (ADR),$754.6M,Health Care,Biotechnology,--,+2.2
CMCM,Cheetah Mobile Inc (ADR),$271.2M,Information Technology,Software,--,+1.4
CMPS,COMPASS Pathways PLC,$1.2B,,,--,--
CNF,CNFinance Holdings Ltd - ADR,$223.6M,Financials,Thrifts & Mortgage Finance,--,--
COE,China Online Education Group - ADR,$537.8M,Consumer Discretionary,Diversified Consumer Services,--,-0.9
CPAC,Cementos Pacasmayo ADR,$644.3M,Materials,Construction Materials,7.09%,+0.4
CRESY,Cresud S.A.C.I.F. y A. (ADR),$159.6M,Real Estate,Real Estate Management & Development,--,+1.0
CRH,CRH PLC (ADR),$28.0B,Materials,Construction Materials,2.52%,+1.1
CRTO,Criteo SA (ADR),$810.4M,Communication Services,Media,--,+1.2
CS,Credit Suisse Group AG (ADR),$25.6B,Financials,Capital Markets,1.34%,+1.5
CTK,CooTek (Cayman) Inc,$276.1M,Information Technology,Software,--,--
CUK,Carnival plc (ADR),$1.9B,Consumer Discretionary,"Hotels, Restaurants & Leisure",--,+2.0
CX,Cemex SAB de CV (ADR),$6.2B,Materials,Construction Materials,--,+1.5
DADA,Dada Nexus Ltd - ADR,$7.2B,,,--,--
DAO,Youdao Inc - ADR,$3.0B,Consumer Discretionary,Diversified Consumer Services,--,--
DAVA,Endava PLC - ADR,$3.8B,Information Technology,IT Services,--,--
DEO,Diageo plc (ADR),$79.5B,Consumer Staples,Beverages,2.60%,+0.5
DL,China Distance Education Hldgs Ltd (ADR),$303.1M,Consumer Discretionary,Diversified Consumer Services,--,+0.9
DNK,Phoenix Tree Holdings Ltd,$418.8M,,,--,--
DOYU,DouYu International Holdings Ltd (ADR),$4.7B,Communication Services,Entertainment,--,--
DQ,Daqo New Energy Corp (ADR),$2.5B,Information Technology,Semiconductors & Semiconductor Equipment,--,+0.9
DRD,DRDGOLD Ltd. (ADR),$998.8M,Materials,Metals & Mining,5.53%,+1.1
DUO,Fangdd Network Group Ltd - ADR,$565.7M,Communication Services,Interactive Media & Services,--,--
DXF,Dunxin Financial Holdings Ltd (ADR),$25.5M,Financials,Diversified Financial Services,--,+2.0
E,Eni SpA (ADR),$25.9B,Energy,"Oil, Gas & Consumable Fuels",14.77%,+0.8
EC,Ecopetrol SA (ADR),$19.5B,Energy,"Oil, Gas & Consumable Fuels",9.28%,+1.7
EDAP,Edap Tms SA (ADR),$129.1M,Health Care,Health Care Equipment & Supplies,--,+2.1
EDN,Empresa Distribuidora y Cmrz Nrt SA(ADR),$74.1M,Utilities,Electric Utilities,--,+0.6
EDU,New Oriental Education & Tech Grp (ADR),$26.9B,Consumer Discretionary,Diversified Consumer Services,--,+1.0
EH,EHang Holdings Ltd - ADR,$465.2M,Industrials,Aerospace & Defense,--,--
ELP,Companhia Paranaense de Energia (ADR),$1.5B,Utilities,Electric Utilities,3.31%,+0.7
ENIA,Enel Americas SA (ADR),$10.4B,Utilities,Electric Utilities,7.79%,+1.1
ENIC,Enel Chile SA - ADR,$4.7B,Utilities,Electric Utilities,7.75%,+1.0
EQNR,Equinor ASA (ADR),$45.1B,Energy,"Oil, Gas & Consumable Fuels",7.15%,+1.1
ERIC,Telefonaktiebolaget LM Ericsson,$36.7B,Information Technology,Communications Equipment,1.32%,+0.5
ERJ,Embraer SA (ADR),$882.5M,Industrials,Aerospace & Defense,--,+0.4
FANH,Fanhua Inc (ADR),$1.1B,Financials,Insurance,6.87%,+1.0
FEDU,Four Seasons Edu (Cayman) Inc ADR,$44.3M,Consumer Discretionary,Diversified Consumer Services,--,--
FENG,Phoenix New Media Ltd ADR,$101.2M,Communication Services,Interactive Media & Services,--,+1.8
FINV,FinVolution Group,$401.9M,Financials,Consumer Finance,5.83%,--
FLY,Fly Leasing Ltd(ADR),$202.1M,Industrials,Trading Companies & Distributors,--,+1.1
FMS,FRESENIUS MEDICAL CARE AG&CO,$24.0B,Health Care,Health Care Providers & Services,1.76%,+1.2
FMX,Fomento Economico Mexicano SAB (ADR),$12.3B,Consumer Staples,Beverages,3.81%,+0.7
FORTY,Formula Systems (1985) Ltd. (ADR),$1.3B,Information Technology,IT Services,1.15%,+1.3
FRLN,Freeline Therapeutics Holdings PLC (ADR),$594.1M,,,--,--
FUTU,Futu Holdings Ltd,$4.3B,Financials,Capital Markets,--,--
FWP,Forward Pharma A/S,$44.1M,Health Care,Biotechnology,--,+2.0
GDS,GDS Holdings Ltd - ADR,$14.1B,Information Technology,IT Services,--,+1.3
GENE,Genetic Technologies Limited (ADR),$45.4M,Health Care,Life Sciences Tools & Services,--,+2.8
GFI,Gold Fields Limited (ADR),$10.1B,Materials,Metals & Mining,1.35%,+0.7
GGAL,Grupo Financiero Galicia S.A. (ADR),$777.5M,Financials,Banks,1.13%,+1.4
GGB,Gerdau SA (ADR),$4.7B,,,--,+2.3
GHG,GreenTree Hospitality Group Ltd - ADR,$1.4B,Consumer Discretionary,"Hotels, Restaurants & Leisure",1.84%,--
GOL,Gol Linhas Aereas Inteligentes SA (ADR),$920.9M,Industrials,Airlines,--,+0.9
GRAM,Grana y Montero SAA (ADR),$308.7M,Industrials,Construction & Engineering,--,+0.7
GRVY,"Gravity Co., LTD. (ADR)",$836.0M,Communication Services,Entertainment,--,-0.8
GSH,Guangshen Railway Co. Ltd (ADR),$250.5M,Industrials,Road & Rail,4.80%,+0.6
GSK,GlaxoSmithKline plc (ADR),$89.1B,Health Care,Pharmaceuticals,5.77%,+0.6
GSUM,Gridsum Holding Inc - ADR,$62.3M,Information Technology,Software,--,+1.9
GSX,GSX Techedu Inc (ADR),$16.3B,Consumer Discretionary,Diversified Consumer Services,--,--
GTH,Genetron Holdings Ltd - ADR,$1.0B,,,--,--
GWPH,GW Pharmaceuticals PLC- ADR,$2.9B,Health Care,Pharmaceuticals,--,+1.9
HDB,HDFC Bank Limited (ADR),$109.5B,Financials,Banks,0.55%,+0.8
HHR,HeadHunter Group PLC,$1.2B,Industrials,Professional Services,2.17%,--
HIMX,"Himax Technologies, Inc. (ADR)",$635.4M,Information Technology,Semiconductors & Semiconductor Equipment,--,+1.2
HKIB,AMTD International Inc - ADR,$1.7B,Financials,Capital Markets,--,--
HLG,Hailiang Education Group Inc (ADR),$1.7B,Consumer Discretionary,Diversified Consumer Services,--,+0.1
HMC,Honda Motor Co Ltd (ADR),$41.8B,Consumer Discretionary,Automobiles,3.58%,+0.9
HMI,Huami Corp,$740.9M,Information Technology,"Electronic Equipment, Instruments & Components",--,--
HMY,Harmony Gold Mining Co. (ADR),$3.1B,Materials,Metals & Mining,--,+0.5
HNP,Huaneng Power International Inc (ADR),$1.8B,Utilities,Independent Power & Renewable Electricity Producers,5.11%,+0.8
HSBC,HSBC Holdings plc (ADR),$88.2B,Financials,Banks,--,+0.5
HTHT,Huazhu Group Ltd (ADR),$13.7B,Consumer Discretionary,"Hotels, Restaurants & Leisure",0.80%,+1.7
HUIZ,Huize Holding Ltd (ADR),$396.7M,Financials,Insurance,--,--
HUYA,HUYA Inc - ADR,$4.9B,Communication Services,Entertainment,--,--
HX,Hexindai Inc - ADR,$37.8M,Financials,Consumer Finance,--,--
IBA,"Industrias Bachoco, S.A.B. de C.V. (ADR)",$1.9B,Consumer Staples,Food Products,1.75%,+0.8
IBN,ICICI Bank Ltd (ADR),$38.7B,Financials,Banks,0.63%,+1.3
ICLK,Iclick Interactive Asia Group Ltd,$751.9M,Communication Services,Media,--,--
IH,iHuman Inc - ADR,$977.0M,,,--,--
IHG,InterContinental Hotels Group PLC (ADR),$9.5B,Consumer Discretionary,"Hotels, Restaurants & Leisure",--,+1.3
IMAB,I-Mab ADR,$2.9B,,,--,--
IMOS,ChipMOS Technologies Inc - ADR,$721.6M,Information Technology,Semiconductors & Semiconductor Equipment,9.91%,+0.7
INFY,Infosys Ltd ADR,$62.6B,Information Technology,IT Services,1.60%,+0.9
ING,ING Groep NV (ADR),$29.0B,Financials,Banks,--,+1.7
IPHA,Innate Pharma SA (ADR),$322.2M,Health Care,Biotechnology,--,+0.3
IQ,Beijing Iqiyi Technology Co Ltd - ADR,$16.9B,Communication Services,Entertainment,--,--
IRCP,IRSA Propiedades Comerciales SA (ADR),$252.0M,Real Estate,Real Estate Management & Development,3.95%,+1.2
IRS,Irsa Inversiones y Rprsntcins SA (ADR),$177.7M,Real Estate,Real Estate Management & Development,--,+1.2
ITCB,Itau Corpbanca (ADR),$1.3B,Financials,Banks,11.04%,+1.2
ITUB,Itau Unibanco Holding SA (ADR),$21.7B,,,6.04%,+0.8
IX,ORIX Corporation (ADR),$15.5B,Financials,Diversified Financial Services,5.64%,+0.8
JD,JD.Com Inc(ADR),$127.0B,Consumer Discretionary,Internet & Direct Marketing Retail,--,+1.0
JFIN,Jiayin Group Inc - ADR,$159.5M,Financials,Consumer Finance,--,--
JFU,9F Inc - ADR,$276.7M,Communication Services,Interactive Media & Services,--,--
JG,Aurora Mobile Ltd - ADR,$202.1M,Information Technology,Software,--,--
JHX,James Hardie Industries plc (ADR),$11.1B,Materials,Construction Materials,--,+1.2
JKS,"JinkoSolar Holding Co., Ltd (ADR)",$2.9B,Information Technology,Semiconductors & Semiconductor Equipment,--,+1.3
JMIA,Jumia Technologies AG - ADR,$1.4B,Consumer Discretionary,Internet & Direct Marketing Retail,--,--
JOBS,"51job, Inc. (ADR)",$4.6B,Industrials,Professional Services,--,+0.9
JP,Jupai Holdings Ltd (ADR),$55.4M,Financials,Capital Markets,--,+1.5
JRJC,China Finance Online Co. (ADR),$22.9M,Financials,Capital Markets,--,+1.4
JT,Jianpu Technology Inc - ADR,$94.7M,Financials,Consumer Finance,--,--
KB,"KB Financial Group, Inc. (ADR)",$14.4B,Financials,Banks,4.81%,+0.9
KC,Kingsoft Cloud Holdings Ltd,$6.6B,,,--,--
KEP,Korea Electric Power Corporation (ADR),$11.6B,Utilities,Electric Utilities,--,+0.8
KOF,Coca-Cola Femsa SAB de CV (ADR),$2.2B,Consumer Staples,Beverages,5.16%,+0.7
KRKR,36Kr Holdings Inc - ADR,$109.1M,Communication Services,Interactive Media & Services,--,--
KT,KT Corp (ADR),$4.9B,Communication Services,Diversified Telecommunication Services,4.46%,+0.9
KZIA,Kazia Therapeutics Ltd (ADR),$72.4M,Health Care,Biotechnology,--,+2.4
LAIX,LAIX Inc,$119.8M,Consumer Discretionary,Diversified Consumer Services,--,--
LEGN,Legend Biotech Corp,$3.7B,,,--,--
LEJU,Leju Holdings Ltd (ADR),$329.7M,Consumer Discretionary,Internet & Direct Marketing Retail,--,+1.5
LFC,China Life Insurance Co Ltd (ADR),$17.6B,Financials,Insurance,4.22%,+1.4
LGHL,Lion Group Holding Ltd - ADR,$46.8M,,,--,--
LI,Li Auto Inc.,$16.1B,,,--,--
LITB,Lightinthebox Holding Co Ltd-ADR,$268.3M,Consumer Discretionary,Internet & Direct Marketing Retail,--,+0.5
LIZI,Lizhi Inc,$97.2M,,,--,--
LN,Line Corp (ADR),$12.4B,Communication Services,Interactive Media & Services,--,+0.7
LOV,Spark Networks SE (ADR),$112.6M,Communication Services,Interactive Media & Services,--,--
LPL,LG Display Co Ltd. (ADR),$4.7B,Information Technology,"Electronic Equipment, Instruments & Components",--,+1.2
LX,LexinFintech Holdings Ltd - ADR,$1.4B,Financials,Consumer Finance,--,--
LXEH,Lixiang Education Holding Co Ltd - ADR,$122.0M,,,--,--
LYG,Lloyds Banking Group PLC (ADR),$25.8B,Financials,Banks,--,+1.3
MBT,Mobil'nye Telesistemy PAO (ADR),$7.3B,Communication Services,Wireless Telecommunication Services,13.06%,+1.1
MESO,Mesoblast limited (ADR),$1.3B,Health Care,Biotechnology,--,+3.8
MFG,Mizuho Financial Group Inc. (ADR),$3.1B,Financials,Banks,5.53%,+0.9
MFH,Mercurity Fintech Holding Inc- ADR,$21.5M,Consumer Discretionary,Internet & Direct Marketing Retail,--,+1.1
MITO,Stealth BioTherapeutics Corp,$72.2M,Health Care,Biotechnology,--,--
MIXT,MiX Telematics Ltd - ADR,$190.2M,Information Technology,Software,3.16%,+1.0
MKD,Molecular Data Inc - ADR,$142.6M,,,--,--
MLCO,Melco Resorts & Entertainment Ltd(ADR),$7.7B,Consumer Discretionary,"Hotels, Restaurants & Leisure",--,+1.8
MNSO,MINISO Group Holding Ltd - ADR,$5.7B,,,--,--
MOGU,Mogu Inc - ADR,$286.4M,Consumer Discretionary,Internet & Direct Marketing Retail,--,--
MOHO,Ecmoho Ltd - ADR,$51.9M,Consumer Discretionary,Internet & Direct Marketing Retail,--,--
MOMO,Momo Inc (ADR),$3.3B,Communication Services,Interactive Media & Services,--,+1.8
MSC,Studio City International Holdings Ltd,$1.4B,Consumer Discretionary,"Hotels, Restaurants & Leisure",--,--
MT,ArcelorMittal SA (ADR),$14.4B,Materials,Metals & Mining,1.37%,+2.2
MTL,Mechel PAO (ADR),$299.7M,Materials,Metals & Mining,--,+1.1
MTLS,Materialise NV (ADR),$2.4B,Information Technology,Software,--,+0.8
MUFG,Mitsubishi UFJ Financial Group Inc (ADR),$51.5B,Financials,Banks,5.75%,+1.2
NCNA,NuCana PLC (ADR),$276.5M,Health Care,Biotechnology,--,--
NCTY,The9 Limited (ADR),$18.8M,Communication Services,Entertainment,--,+1.6
NEN,New England Realty Associates LP,$141.7M,Real Estate,Real Estate Management & Development,2.64%,+0.5
NEW,Puxin Ltd,$648.4M,Consumer Discretionary,Diversified Consumer Services,--,--
NGG,National Grid plc (ADR),$43.3B,Utilities,Multi-Utilities,5.00%,+0.4
NICE,Nice Ltd (ADR),$14.4B,Information Technology,Software,--,+0.8
NIO,Nio Inc - ADR,$37.5B,Consumer Discretionary,Automobiles,--,--
NIU,Niu Technologies - ADR,$2.1B,Consumer Discretionary,Automobiles,--,--
NMR,Nomura Holdings Inc (ADR),$14.3B,Financials,Capital Markets,3.92%,+1.0
NNDM,Nano Dimension Ltd - ADR,$170.8M,Information Technology,"Technology Hardware, Storage & Peripherals",--,+1.8
NOAH,Noah Holdings Limited (ADR),$1.7B,Financials,Capital Markets,--,+1.4
NOK,Nokia Oyj (ADR),$23.9B,Information Technology,Communications Equipment,--,+0.6
NTES,NetEase Inc (ADR),$60.3B,Communication Services,Entertainment,0.36%,+0.6
NTZ,"Natuzzi, S.p.A (ADR)",$74.6M,Consumer Discretionary,Household Durables,--,+2.5
NVO,Novo Nordisk A/S (ADR),$122.0B,Health Care,Pharmaceuticals,2.51%,+0.4
NVS,Novartis AG (ADR),$186.4B,Health Care,Pharmaceuticals,3.67%,+0.5
NWG,Natwest Group PLC - ADR,$19.0B,Financials,Banks,--,+1.5
OCFT,OneConnect Financial Tech Co Ltd ADR,$8.1B,Information Technology,Software,--,--
OIIM,O2Micro International Limited (ADR),$156.1M,Information Technology,Semiconductors & Semiconductor Equipment,--,+1.2
OMAB,Grupo Arprtr dl Cntr Nrte SABdeCV(ADR),$1.7B,Industrials,Transportation Infrastructure,4.33%,+1.4
ONE,OneSmart International Edun Gr Ltd - ADR,$703.0M,Consumer Discretionary,Diversified Consumer Services,--,--
OPRA,Opera Ltd,$1.2B,Information Technology,Software,--,--
ORAN,Orange SA (ADR),$29.0B,Communication Services,Diversified Telecommunication Services,9.14%,+0.2
ORTX,Orchard Therapeutics PLC - ADR,$423.5M,Health Care,Biotechnology,--,--
OSN,Ossen Innovation Co  Ltd (ADR),$29.6M,Materials,Metals & Mining,--,+1.0
PAC,Grupo Aeroportr dl Pcfco SAB de CV (ADR),$4.4B,Industrials,Transportation Infrastructure,--,+1.3
PAM,Pampa Energia S.A. (ADR),$798.2M,Utilities,Electric Utilities,--,+0.4
PBR,Petroleo Brasileiro SA Petrobras (ADR),$26.2B,Energy,"Oil, Gas & Consumable Fuels",2.52%,+1.8
PBR.A,PETROLEO BRASILEIRO SA- PETR,$19.8B,Energy,"Oil, Gas & Consumable Fuels",4.01%,+1.8
PDD,Pinduoduo Inc - ADR,$106.5B,Consumer Discretionary,Internet & Direct Marketing Retail,--,--
PHG,Koninklijke Philips NV (ADR),$44.9B,Health Care,Health Care Equipment & Supplies,1.93%,+0.9
PHI,PLDT Inc (ADR),$6.0B,Communication Services,Wireless Telecommunication Services,8.17%,+0.4
PKX,POSCO (ADR),$15.5B,Materials,Metals & Mining,3.43%,+1.0
PSO,Pearson PLC (ADR),$5.2B,Communication Services,Media,3.50%,+0.2
PT,Pintec Technology Holdings Ltd,$50.9M,Financials,Consumer Finance,--,--
PTNR,Partner Communications Company Ltd (ADR),$730.7M,Communication Services,Wireless Telecommunication Services,--,+0.7
PTR,PetroChina Company Limited (ADR),$6.1B,Energy,"Oil, Gas & Consumable Fuels",6.36%,+0.8
PUK,Prudential PLC,$34.6B,Financials,Insurance,3.76%,+1.5
PUYI,Puyi Inc (ADR),$331.1M,Financials,Capital Markets,--,--
QD,Qudian Inc - ADR,$357.8M,Financials,Consumer Finance,--,--
QFIN,360 DigiTech Inc,$1.8B,Financials,Consumer Finance,--,--
QH,Quhuo Ltd - ADR,$403.8M,,,--,--
QIWI,Qiwi PLC,$947.6M,Information Technology,IT Services,6.39%,+1.1
QK,Q&K International Group Ltd - ADR,$198.2M,Real Estate,Real Estate Management & Development,--,--
QTT,Qutoutiao Inc - ADR,$683.2M,Communication Services,Interactive Media & Services,--,--
RDHL,RedHill Biopharma Ltd (ADR),$367.4M,Health Care,Pharmaceuticals,--,+1.8
RDS.A,Royal Dutch Shell plc (ADR),$50.0B,Energy,"Oil, Gas & Consumable Fuels",5.16%,+0.7
RDS.B,ROYAL DUTCH SHELL PLC,$43.1B,Energy,"Oil, Gas & Consumable Fuels",5.39%,+0.7
RDY,Dr.Reddy's Laboratories Ltd (ADR),$11.4B,Health Care,Pharmaceuticals,0.50%,+0.4
REDU,RISE Education Cayman Ltd (ADR),$330.8M,Consumer Discretionary,Diversified Consumer Services,--,--
RELX,Relx PLC (ADR),$40.6B,Industrials,Professional Services,2.75%,+0.6
RENN,Renren Inc,$112.9M,Consumer Discretionary,Specialty Retail,--,+1.5
RIO,Rio Tinto plc (ADR),$72.1B,Materials,Metals & Mining,9.21%,+0.7
RNLX,Renalytix AI PLC (ADR),$434.0M,,,--,--
RUHN,Ruhnn Holding Ltd - ADR,$208.0M,Consumer Discretionary,Internet & Direct Marketing Retail,--,--
RYAAY,Ryanair Holdings plc (ADR),$19.2B,Industrials,Airlines,--,+1.5
RYB,RYB Education Inc - ADR,$72.8M,Consumer Discretionary,Diversified Consumer Services,--,--
SAN,Banco Santander SA (ADR),$34.8B,Financials,Banks,--,+1.1
SAP,SAP SE (ADR),$140.7B,Information Technology,Software,1.51%,+0.9
SBS,Companhia de Saneamento Bsc DEDSP (ADR),$5.6B,Utilities,Water Utilities,--,+0.9
SBSW,Sibanye Stillwater Ltd (ADR),$8.1B,Materials,Metals & Mining,0.97%,+1.5
SE,Sea Ltd (ADR),$81.0B,Communication Services,Entertainment,--,--
SECO,Secoo Holding Ltd - ADR,$197.8M,Consumer Discretionary,Internet & Direct Marketing Retail,--,--
SFUN,Fang Holdings Ltd,$90.6M,Communication Services,Interactive Media & Services,--,+1.0
SHG,"Shinhan Financial Group Co., Ltd. (ADR)",$12.6B,Financials,Banks,5.61%,+1.0
SHI,Sinopec Shanghai Petrochemical Co. (ADR),$668.2M,Materials,Chemicals,8.57%,+0.7
SID,Companhia Siderurgica Nacional (ADR),$5.3B,Materials,Metals & Mining,--,+2.0
SIFY,Sify Technologies Limited (ADR),$195.4M,Communication Services,Diversified Telecommunication Services,1.56%,+1.7
SIM,Grupo Simec SAB de CV (ADR),$1.4B,Materials,Metals & Mining,6.30%,+0.5
SIMO,Silicon Motion Technology Corp. (ADR),$1.4B,Information Technology,Semiconductors & Semiconductor Equipment,3.54%,+1.1
SKM,SK Telecom Co Ltd (ADR),$14.9B,Communication Services,Wireless Telecommunication Services,4.40%,+0.9
SMFG,"Sumitomo Mitsui Financial Grp, Inc.(ADR)",$38.4B,Financials,Banks,9.31%,+1.2
SNE,Sony Corp (ADR),$95.2B,Consumer Discretionary,Household Durables,0.54%,+1.0
SNN,Smith & Nephew plc (ADR),$16.5B,Health Care,Health Care Equipment & Supplies,2.73%,+0.6
SNP,China Petroleum & Chemical Corp (ADR),$10.3B,Energy,"Oil, Gas & Consumable Fuels",10.77%,+1.0
SNY,Sanofi SA (ADR),$121.4B,Health Care,Pharmaceuticals,3.46%,+0.5
SOGO,Sogou Inc,$3.4B,Communication Services,Interactive Media & Services,--,--
SOHU,Sohu.com Ltd - ADR,$727.7M,Communication Services,Interactive Media & Services,--,+2.4
SOL,ReneSola Ltd. (ADR),$175.8M,Industrials,Construction & Engineering,--,+1.4
SOS,Sos Ltd - ADR,$33.5M,Financials,Consumer Finance,--,+0.5
SQM,Sociedad Quimica y Minera de Chile (ADR),$4.5B,Materials,Chemicals,2.64%,+0.9
SQNS,Sequans Communications SA ADR,$156.6M,Information Technology,Semiconductors & Semiconductor Equipment,--,+0.7
SSL,Sasol Limited (ADR),$3.6B,Materials,Chemicals,--,+3.5
STG,Sunlands Technology Group - ADR,$271.7M,Consumer Discretionary,Diversified Consumer Services,--,--
STM,STMicroelectronics NV (ADR),$29.6B,Information Technology,Semiconductors & Semiconductor Equipment,0.74%,+1.5
SUPV,Grupo Supervielle SA -ADR,$156.2M,Financials,Banks,2.42%,+1.4
SY,So-Young International Inc - ADR,$1.3B,Communication Services,Interactive Media & Services,--,--
TAL,TAL Education Group (ADR),$42.0B,Consumer Discretionary,Diversified Consumer Services,--,+0.1
TC,TuanChe Ltd (ADR),$74.6M,Communication Services,Media,--,--
TCOM,Trip.com Group Ltd (ADR),$17.9B,Consumer Discretionary,Internet & Direct Marketing Retail,--,+1.3
TEDU,Tarena International Inc(ADR),$108.4M,Consumer Discretionary,Diversified Consumer Services,--,+0.1
TEF,Telefonica S.A. (ADR),$18.9B,Communication Services,Diversified Telecommunication Services,--,+0.7
TEO,Telecom Argentina SA (ADR),$891.8M,Communication Services,Diversified Telecommunication Services,4.52%,+0.2
TEVA,Teva Pharmaceutical Industries Ltd (ADR),$9.9B,Health Care,Pharmaceuticals,--,+1.5
TGS,Transportadora de Gas del Sur SA (ADR),$339.7M,Energy,"Oil, Gas & Consumable Fuels",--,+0.4
TIGR,Up Fintech Holding Ltd,$685.0M,Financials,Capital Markets,--,--
TIMB,Tim SA (ADR),$5.5B,,,--,+0.9
TKC,Turkcell Iletisim Hizmetleri A.S. (ADR),$4.2B,Communication Services,Wireless Telecommunication Services,2.36%,+0.5
TLK,Telekomunikasi Indona(Persero)TbkPT-ADR,$17.7B,Communication Services,Diversified Telecommunication Services,4.29%,+0.5
TLND,Talend SA ADR,$1.2B,Information Technology,Software,--,+0.9
TM,Toyota Motor Corp (ADR),$185.4B,Consumer Discretionary,Automobiles,3.05%,+0.6
TME,Tencent Music Entertainment Group - ADR,$24.9B,Communication Services,Entertainment,--,--
TOT,Total SE (ADR),$80.0B,Energy,"Oil, Gas & Consumable Fuels",11.74%,+0.7
TOUR,Tuniu Corp,$136.4M,Consumer Discretionary,"Hotels, Restaurants & Leisure",--,+1.2
TRIB,Trinity Biotech plc (ADR),$68.5M,Health Care,Health Care Equipment & Supplies,--,+1.6
TRVG,Trivago NV - ADR,$484.0M,Communication Services,Interactive Media & Services,--,+1.3
TS,Tenaris SA  (ADR),$5.9B,Energy,Energy Equipment & Services,--,+1.5
TSM,Taiwan Semiconductor Mfg. Co. Ltd. (ADR),$447.8B,Information Technology,Semiconductors & Semiconductor Equipment,1.96%,+1.0
TTM,Tata Motors Limited (ADR),$5.9B,Consumer Discretionary,Automobiles,--,+2.2
TV,Grupo Televisa SAB (ADR),$4.1B,Communication Services,Media,2.37%,+1.1
TX,Ternium SA (ADR),$4.1B,Materials,Metals & Mining,10.18%,+1.1
UCL,Ucloudlink Group Inc,$341.0M,,,--,--
UGP,Ultrapar Participacoes SA (ADR),$3.4B,Energy,"Oil, Gas & Consumable Fuels",--,+1.1
UL,Unilever plc (ADR),$71.0B,Consumer Staples,Personal Products,3.79%,+0.4
UMC,United Microelectronics Corp (ADR),$13.7B,Information Technology,Semiconductors & Semiconductor Equipment,4.17%,+0.8
UN,Unilever NV (ADR),$87.4B,Consumer Staples,Personal Products,3.84%,+0.4
UXIN,Uxin Ltd (ADR),$280.9M,Consumer Discretionary,Internet & Direct Marketing Retail,--,--
VALE,Vale SA (ADR),$56.9B,Materials,Metals & Mining,6.17%,+1.0
VEDL,Vedanta Ltd (ADR),$5.1B,Materials,Metals & Mining,3.84%,+1.7
VEON,VEON Ltd (ADR),$2.3B,Communication Services,Wireless Telecommunication Services,--,+1.4
VIAO,VIA Optronics AG - ADR,$204.3M,,,--,--
VIOT,Viomi Technology Co Ltd - ADR,$394.8M,Consumer Discretionary,Household Durables,--,--
VIPS,Vipshop Holdings Ltd - ADR,$13.1B,Consumer Discretionary,Internet & Direct Marketing Retail,--,+0.9
VIV,Telefonica Brasil SA (ADR),$8.7B,,,18.68%,+0.5
VJET,Voxeljet AG (ADR),$48.0M,Industrials,Machinery,--,+2.6
VLRS,Controladora Vuela Co Avcn SA CV (ADR),$792.6M,Industrials,Airlines,--,+2.6
VNET,21Vianet Group Inc - ADR,$3.0B,Information Technology,IT Services,--,+0.2
VOD,Vodafone Group Plc (ADR),$38.2B,Communication Services,Wireless Telecommunication Services,7.07%,+0.8
WB,Weibo Corp (ADR),$9.2B,Communication Services,Interactive Media & Services,--,+1.5
WBAI,500.com Ltd,$139.9M,Consumer Discretionary,"Hotels, Restaurants & Leisure",--,+1.3
WBK,Westpac Banking Corp (ADR),$47.8B,Financials,Banks,--,+1.0
WEI,Weidai Ltd (ADR),$133.2M,Financials,Consumer Finance,--,--
WF,Woori Financial Group Inc (ADR),$5.6B,Financials,Banks,14.21%,+0.8
WIMI,WiMi Hologram Cloud Inc - ADR,$375.3M,Communication Services,Media,--,--
WIT,Wipro Limited (ADR),$28.0B,Information Technology,IT Services,0.28%,+0.6
WNS,WNS (Holdings) Limited (ADR),$3.1B,Information Technology,IT Services,--,+1.4
WPP,WPP PLC (ADR),$10.1B,Communication Services,Media,1.52%,+1.4
WSG,Wanda Sports Group Co Ltd (ADR),$309.2M,Communication Services,Entertainment,--,--
XIN,"Xinyuan Real Estate Co., Ltd. (ADR)",$105.7M,Real Estate,Real Estate Management & Development,12.76%,+1.3
XNET,Xunlei Ltd,$186.9M,Information Technology,Software,--,+1.7
XPEV,Xpeng Inc - ADR,$14.6B,,,--,--
XTLB,X T L Biopharmaceuticals Ltd (ADR),$11.4M,Health Care,Biotechnology,--,+0.9
XYF,X Financial,$172.0M,Financials,Consumer Finance,--,--
YALA,Yalla Group Ltd - ADR,$1.2B,,,--,--
YI,111 Inc - ADR,$565.4M,Consumer Staples,Food & Staples Retailing,--,--
YIN,Yintech Investment Holdings Ltd - ADR,$526.2M,Financials,Capital Markets,1.39%,+0.2
YJ,Yunji Inc (ADR),$398.2M,Consumer Discretionary,Internet & Direct Marketing Retail,--,--
YPF,YPF SA  (ADR),$1.4B,Energy,"Oil, Gas & Consumable Fuels",3.87%,+1.5
YRD,Yiren Digital Ltd - ADR,$297.9M,Financials,Consumer Finance,--,+1.4
YY,JOYY Inc (ADR),$7.2B,Communication Services,Interactive Media & Services,1.39%,+1.2
ZLAB,Zai Lab Ltd - ADR,$7.6B,Health Care,Biotechnology,--,--
ZNH,China Southern Airlines Co Ltd (ADR),$2.4B,Industrials,Airlines,1.27%,+1.6
ZTO,ZTO Express (Cayman) Inc (ADR),$30.9B,Industrials,Air Freight & Logistics,--,+0.3
